,Date,stock,pred1,pred1_req,pred2,pred2_req,pred3,pred3_req,buy_tier,buy_score,buy_score_log,buy_instruction,12pm_price,target_price,peak_after_12,p_inc,target_inc,outcome,true_peak_after_12,true_p_inc,true_outcome
0,2022-05-13,AAPL,1.0,0.54,0.9,0.41,0.5,0.2,3,8.05,0.906,BUY,147.24,147.98,148.1,0.58,0.5,true positive,,,true positive
1,2022-05-17,AAPL,0.25,0.55,0.05,0.47,0.0,0.17,0,0.56,-0.252,NO BUY,147.86,148.6,149.64,1.2,0.5,false negative,149.77,1.29,false negative
2,2022-05-18,AAPL,0.3,0.56,0.2,0.49,0.0,0.24,0,0.94,-0.027,NO BUY,142.95,143.66,143.55,0.42,0.5,true negative,143.69,0.52,false negative
3,2022-05-19,AAPL,1.0,0.55,1.0,0.45,0.8,0.23,3,9.02,0.955,BUY,139.63,140.33,139.76,0.09,0.5,false positive,140.04,0.29,false positive
4,2022-05-20,AAPL,0.95,0.56,0.6,0.46,0.0,0.15,2,4.0,0.602,BUY,136.71,137.39,137.6,0.65,0.5,true positive,137.88,0.86,true positive
5,2022-05-12,AAPL,0.5,0.54,0.5,0.42,0.2,0.15,2,4.45,0.648,BUY,141.59,142.3,142.86,0.9,,true positive,,,true positive
6,2022-05-16,AAPL,0.65,0.58,0.5,0.53,0.0,0.21,1,2.56,0.408,NO BUY,146.44,147.17,147.37,0.64,0.5,false negative,147.52,0.74,false negative
7,2022-05-23,AAPL,1.0,0.59,1.0,0.49,0.8,0.19,3,9.45,0.975,BUY,142.49,143.2,143.15,0.46,0.5,false positive,143.26,0.54,true positive
8,2022-05-24,AAPL,1.0,0.59,1.0,0.58,0.65,0.41,3,6.5,0.813,BUY,139.23,139.93,140.61,0.99,0.5,true positive,140.94,1.23,true positive
9,2022-05-25,AAPL,1.0,0.59,0.85,0.53,0.5,0.37,3,6.15,0.789,BUY,140.02,140.72,141.71,1.21,0.5,true positive,141.79,1.26,true positive
10,2022-05-25,AAPL,1.0,0.59,0.8,0.54,0.3,0.34,2,5.06,0.704,BUY,140.02,140.72,141.71,1.21,0.5,true positive,141.79,1.26,true positive
11,2022-05-25,GOOG,0.55,0.59,0.5,0.54,0.2,0.34,0,2.45,0.389,NO BUY,2103.69,2114.21,2128.22,1.17,0.5,false negative,2130.89,1.29,false negative
12,2022-05-25,AMZN,1.0,0.59,1.0,0.54,0.55,0.34,3,6.66,0.823,BUY,2130.61,2141.26,2162.22,1.48,0.5,true positive,2163.5,1.54,true positive
13,2022-05-25,MSFT,0.75,0.59,0.55,0.54,0.25,0.34,2,4.02,0.604,BUY,259.46,260.76,264.3,1.87,0.5,true positive,264.58,1.97,true positive
14,2022-05-25,NVDA,1.0,0.59,1.0,0.54,0.8,0.34,3,7.4,0.869,BUY,167.06,167.9,170.84,2.26,0.5,true positive,171.11,2.42,true positive
15,2022-05-25,FB,0.95,0.59,0.8,0.54,0.35,0.34,3,5.62,0.75,BUY,182.62,183.53,185.18,1.4,0.5,true positive,185.45,1.55,true positive
16,2022-05-26,AAPL,1.0,0.61,1.0,0.56,1.0,0.43,3,7.25,0.86,BUY,142.96,143.67,144.24,0.9,0.5,true positive,144.34,0.97,true positive
17,2022-05-26,GOOG,1.0,0.61,1.0,0.56,0.8,0.43,3,6.79,0.832,BUY,2160.81,2171.61,2177.34,0.76,0.5,true positive,2179.1,0.85,true positive
18,2022-05-26,AMZN,1.0,0.61,1.0,0.56,0.85,0.43,3,6.9,0.839,BUY,2219.0,2230.09,2250.47,1.42,0.5,true positive,2253.31,1.55,true positive
19,2022-05-26,MSFT,1.0,0.61,0.75,0.56,0.25,0.43,2,4.56,0.659,BUY,264.94,266.26,266.77,0.69,0.5,true positive,267.11,0.82,true positive
20,2022-05-26,NVDA,1.0,0.61,1.0,0.56,1.0,0.43,3,7.25,0.86,BUY,177.16,178.05,180.3,1.77,0.5,true positive,180.92,2.12,true positive
21,2022-05-26,FB,1.0,0.61,1.0,0.56,0.95,0.43,3,7.13,0.853,BUY,189.92,190.87,192.76,1.5,0.5,true positive,192.83,1.53,true positive
22,2022-05-27,AAPL,1.0,0.61,0.8,0.54,0.1,0.17,2,4.71,0.673,BUY,148.6,149.34,149.65,0.71,0.5,true positive,149.68,0.73,true positive
23,2022-05-27,GOOG,1.0,0.61,0.95,0.54,0.15,0.17,2,5.28,0.723,BUY,2243.75,2254.97,2255.98,0.55,0.5,true positive,2257.36,0.61,true positive
24,2022-05-27,AMZN,1.0,0.61,0.95,0.54,0.15,0.17,2,5.28,0.723,BUY,2270.03,2281.38,2303.38,1.47,0.5,true positive,2303.74,1.49,true positive
25,2022-05-27,MSFT,0.8,0.61,0.5,0.54,0.0,0.17,1,2.74,0.438,NO BUY,272.22,273.58,273.24,0.37,0.5,true negative,273.34,0.41,true negative
26,2022-05-27,NVDA,1.0,0.61,0.9,0.54,0.1,0.17,2,4.89,0.689,BUY,185.51,186.44,188.46,1.59,0.5,true positive,188.81,1.78,true positive
27,2022-05-27,FB,0.95,0.61,0.7,0.54,0.05,0.17,2,4.15,0.618,BUY,193.73,194.7,195.24,0.78,0.5,true positive,195.33,0.83,true positive
28,2022-05-31,AAPL,1.0,0.62,1.0,0.57,0.65,0.28,3,7.19,0.857,BUY,149.98,150.73,150.52,0.36,0.5,false positive,150.66,0.45,false positive
29,2022-05-31,GOOG,1.0,0.62,1.0,0.57,1.0,0.28,3,8.44,0.926,BUY,2295.43,2306.91,2324.96,1.29,0.5,true positive,2328.67,1.45,true positive
30,2022-05-31,AMZN,1.0,0.62,1.0,0.57,0.95,0.28,3,8.26,0.917,BUY,2376.0,2387.88,2438.36,2.62,0.5,true positive,2439.89,2.69,true positive
31,2022-05-31,MSFT,1.0,0.62,1.0,0.57,0.55,0.28,3,6.83,0.834,BUY,272.97,274.33,274.27,0.48,0.5,false positive,274.77,0.66,true positive
32,2022-05-31,NVDA,1.0,0.62,1.0,0.57,0.8,0.28,3,7.72,0.888,BUY,189.51,190.46,190.39,0.46,0.5,false positive,190.74,0.65,true positive
33,2022-05-31,FB,1.0,0.62,1.0,0.57,0.95,0.28,3,8.26,0.917,BUY,196.89,197.87,197.57,0.35,0.5,false positive,197.6,0.36,false positive
34,2022-06-01,AAPL,1.0,0.64,1.0,0.57,0.4,0.29,3,6.2,0.792,BUY,148.23,148.97,149.85,1.09,0.5,true positive,149.99,1.19,true positive
35,2022-06-01,GOOG,1.0,0.64,1.0,0.57,0.45,0.29,3,6.37,0.804,BUY,2286.59,2298.02,2305.44,0.82,0.5,true positive,2305.68,0.83,true positive
36,2022-06-01,AMZN,1.0,0.64,1.0,0.57,0.6,0.29,3,6.89,0.838,BUY,2426.27,2438.4,2473.53,1.95,0.5,true positive,2476.0,2.05,true positive
37,2022-06-01,MSFT,1.0,0.64,1.0,0.57,0.4,0.29,3,6.2,0.792,BUY,271.25,272.61,274.52,1.21,0.5,true positive,274.76,1.29,true positive
38,2022-06-01,NVDA,0.8,0.64,0.65,0.57,0.1,0.29,2,3.74,0.573,BUY,183.35,184.27,185.45,1.15,0.5,true positive,185.68,1.27,true positive
39,2022-06-01,FB,1.0,0.64,1.0,0.57,0.6,0.29,3,6.89,0.838,BUY,192.61,193.57,194.1,0.77,0.5,true positive,194.17,0.81,true positive
40,2022-06-02,AAPL,0.85,0.63,0.7,0.6,0.3,0.38,2,4.31,0.634,BUY,149.45,150.2,151.23,1.19,0.5,true positive,151.27,1.22,true positive
41,2022-06-02,GOOG,1.0,0.63,1.0,0.6,0.45,0.38,3,5.94,0.774,BUY,2318.12,2329.71,2356.55,1.66,0.5,true positive,2357.96,1.72,true positive
42,2022-06-02,AMZN,0.95,0.63,0.85,0.6,0.3,0.38,2,4.71,0.673,BUY,2449.65,2461.9,2510.88,2.5,0.5,true positive,2512.2,2.55,true positive
43,2022-06-02,MSFT,0.7,0.63,0.6,0.6,0.3,0.38,2,3.9,0.591,BUY,268.05,269.39,274.62,2.45,0.5,true positive,274.65,2.46,true positive
44,2022-06-02,NVDA,1.0,0.63,1.0,0.6,0.95,0.38,3,7.25,0.86,BUY,193.14,194.11,196.09,1.53,0.5,true positive,196.19,1.58,true positive
45,2022-06-02,FB,1.0,0.63,1.0,0.6,0.7,0.38,3,6.6,0.82,BUY,194.54,195.51,200.67,3.15,0.5,true positive,200.93,3.28,true positive
46,2022-06-03,AAPL,0.8,0.63,0.55,0.58,0.1,0.29,1,3.06,0.486,NO BUY,145.13,145.86,146.24,0.76,0.5,false negative,146.34,0.83,false negative
47,2022-06-03,GOOG,1.0,0.63,1.0,0.58,0.4,0.29,3,6.19,0.792,BUY,2280.01,2291.41,2298.9,0.83,0.5,true positive,2298.9,0.83,true positive
48,2022-06-03,AMZN,0.9,0.63,0.7,0.58,0.1,0.29,2,3.98,0.6,BUY,2443.5,2455.72,2460.89,0.71,0.5,true positive,2463.95,0.84,true positive
49,2022-06-03,MSFT,1.0,0.63,0.95,0.58,0.4,0.29,3,6.1,0.785,BUY,269.33,270.68,271.34,0.75,0.5,true positive,271.5,0.81,true positive
50,2022-06-03,NVDA,0.95,0.63,0.85,0.58,0.3,0.29,3,5.51,0.741,BUY,187.26,188.2,189.82,1.37,0.5,true positive,189.99,1.46,true positive
51,2022-06-03,FB,1.0,0.63,0.95,0.58,0.35,0.29,3,5.93,0.773,BUY,191.12,192.08,193.29,1.14,0.5,true positive,193.35,1.17,true positive
52,2022-06-06,AAPL,1.0,0.6,0.9,0.53,0.3,0.21,3,6.29,0.799,BUY,146.52,147.25,146.85,0.23,0.5,false positive,146.89,0.25,false positive
53,2022-06-06,GOOG,0.95,0.6,0.6,0.53,0.1,0.21,2,4.19,0.622,BUY,2361.56,2373.37,2360.07,-0.06,0.5,false positive,2362.15,0.02,false positive
54,2022-06-06,AMZN,1.0,0.6,0.95,0.53,0.4,0.21,3,6.86,0.836,BUY,126.12,126.75,126.22,0.08,0.5,false positive,126.59,0.37,false positive
55,2022-06-06,MSFT,0.95,0.6,0.7,0.53,0.05,0.21,2,4.14,0.617,BUY,270.45,271.8,270.16,-0.11,0.5,false positive,270.49,0.01,false positive
56,2022-06-06,NVDA,1.0,0.6,0.9,0.53,0.2,0.21,2,5.32,0.726,BUY,188.9,189.84,189.99,0.58,0.5,true positive,190.18,0.68,true positive
57,2022-06-06,FB,1.0,0.6,0.9,0.53,0.15,0.21,2,5.08,0.706,BUY,190.51,191.46,196.24,3.01,0.5,true positive,196.92,3.36,true positive
58,2022-06-07,AAPL,0.9,0.63,0.75,0.59,0.55,0.43,3,5.48,0.739,BUY,147.57,148.31,148.9,0.9,0.5,true positive,149.0,0.97,true positive
59,2022-06-07,GOOG,0.9,0.63,0.6,0.59,0.35,0.43,2,4.26,0.629,BUY,2330.37,2342.02,2348.08,0.76,0.5,true positive,2349.5,0.82,true positive
60,2022-06-07,AMZN,1.0,0.63,0.95,0.59,0.6,0.43,3,6.09,0.785,BUY,122.46,123.07,123.31,0.69,0.5,true positive,123.56,0.9,true positive
61,2022-06-07,MSFT,0.6,0.63,0.35,0.59,0.25,0.43,0,2.13,0.328,NO BUY,270.75,272.1,272.96,0.82,0.5,false negative,273.13,0.88,false negative
62,2022-06-07,NVDA,0.95,0.63,0.95,0.59,0.5,0.43,3,5.78,0.762,BUY,186.92,187.85,189.82,1.55,0.5,true positive,190.0,1.65,true positive
63,2022-06-07,FB,1.0,0.63,1.0,0.59,0.6,0.43,3,6.18,0.791,BUY,194.4,195.37,195.8,0.72,0.5,true positive,195.96,0.8,true positive
64,2022-06-08,AAPL,0.5,0.64,0.3,0.6,0.0,0.21,0,1.28,0.107,NO BUY,149.06,149.81,149.27,0.14,0.5,true negative,149.37,0.21,true negative
65,2022-06-08,GOOG,1.0,0.64,0.95,0.6,0.1,0.21,2,4.62,0.665,BUY,2357.46,2369.25,2362.09,0.2,0.5,false positive,2362.46,0.21,false positive
66,2022-06-08,AMZN,0.85,0.64,0.65,0.6,0.05,0.21,2,3.65,0.562,BUY,122.63,123.24,122.75,0.1,0.5,false positive,122.88,0.2,false positive
67,2022-06-08,MSFT,0.1,0.64,0.05,0.6,0.0,0.21,0,0.24,-0.62,NO BUY,272.02,273.38,272.2,0.07,0.5,true negative,272.35,0.12,true negative
68,2022-06-08,NVDA,1.0,0.64,1.0,0.6,0.3,0.21,3,6.16,0.79,BUY,188.02,188.96,188.38,0.19,0.5,false positive,188.56,0.29,false positive
69,2022-06-08,FB,1.0,0.64,1.0,0.6,0.4,0.21,3,6.63,0.822,BUY,199.95,200.95,200.16,0.11,0.5,false positive,200.58,0.32,false positive
70,2022-06-09,AAPL,0.55,0.6,0.35,0.54,0.05,0.26,0,1.76,0.246,NO BUY,146.33,147.06,146.49,0.11,0.5,true negative,146.64,0.21,true negative
71,2022-06-09,GOOG,0.8,0.6,0.5,0.54,0.05,0.26,1,2.95,0.47,NO BUY,2356.28,2368.06,2362.49,0.26,0.5,true negative,2365.0,0.37,true negative
72,2022-06-09,AMZN,0.2,0.6,0.15,0.54,0.0,0.26,0,0.61,-0.215,NO BUY,120.06,120.66,120.24,0.15,0.5,true negative,120.56,0.42,true negative
73,2022-06-09,MSFT,0.2,0.6,0.1,0.54,0.0,0.26,0,0.52,-0.284,NO BUY,271.26,272.62,271.72,0.17,0.5,true negative,272.04,0.29,true negative
74,2022-06-09,NVDA,1.0,0.6,1.0,0.54,0.6,0.26,3,7.33,0.865,BUY,186.52,187.45,186.62,0.05,0.5,false positive,187.08,0.3,false positive
75,2022-06-10,AAPL,1.0,0.57,0.85,0.52,0.45,0.27,3,6.56,0.817,BUY,137.86,138.55,138.87,0.73,0.5,true positive,139.16,0.94,true positive
76,2022-06-10,GOOG,1.0,0.57,0.85,0.52,0.4,0.27,3,6.37,0.804,BUY,2227.5,2238.64,2256.77,1.31,0.5,true positive,2260.08,1.46,true positive
77,2022-06-10,AMZN,0.85,0.57,0.65,0.52,0.2,0.27,2,4.48,0.651,BUY,109.51,110.06,110.45,0.86,0.5,true positive,110.74,1.12,true positive
78,2022-06-10,MSFT,1.0,0.57,0.95,0.52,0.45,0.27,3,6.75,0.829,BUY,255.18,256.46,255.98,0.31,0.5,false positive,256.47,0.51,true positive
79,2022-06-10,NVDA,1.0,0.57,1.0,0.52,0.65,0.27,3,7.58,0.88,BUY,170.62,171.47,172.23,0.94,0.5,true positive,172.5,1.1,true positive
80,2022-06-13,AAPL,0.4,0.58,0.2,0.45,0.0,0.24,0,1.13,0.053,NO BUY,133.73,134.4,135.0,0.95,0.5,false negative,135.06,0.99,false negative
81,2022-06-13,GOOG,0.8,0.58,0.5,0.45,0.25,0.24,3,5.03,0.702,BUY,2159.21,2170.01,2178.68,0.9,0.5,true positive,2180.0,0.96,true positive
82,2022-06-13,AMZN,1.0,0.58,0.95,0.45,0.65,0.24,3,8.04,0.905,BUY,103.56,104.08,104.92,1.31,0.5,true positive,105.19,1.57,true positive
83,2022-06-13,MSFT,1.0,0.58,0.95,0.45,0.45,0.24,3,7.21,0.858,BUY,245.48,246.71,247.51,0.83,0.5,true positive,247.61,0.87,true positive
84,2022-06-13,NVDA,0.85,0.58,0.8,0.45,0.5,0.24,3,6.83,0.834,BUY,158.62,159.41,161.36,1.73,0.5,true positive,161.55,1.85,true positive
85,2022-06-13,META,1.0,0.58,0.95,0.45,0.45,0.24,3,7.21,0.858,BUY,167.67,168.51,169.0,0.79,0.5,true positive,169.05,0.82,true positive
86,2022-06-14,AAPL,0.5,0.58,0.35,0.5,0.0,0.29,0,1.56,0.193,NO BUY,132.81,133.47,133.66,0.64,0.5,false negative,133.89,0.81,false negative
87,2022-06-14,GOOG,0.65,0.58,0.55,0.5,0.1,0.29,2,3.57,0.553,BUY,2148.92,2159.66,2168.48,0.91,0.5,true positive,2169.15,0.94,true positive
88,2022-06-14,AMZN,0.95,0.58,0.85,0.5,0.5,0.29,3,6.56,0.817,BUY,103.94,104.46,104.15,0.2,0.5,false positive,104.35,0.39,false positive
89,2022-06-14,MSFT,0.5,0.58,0.4,0.5,0.0,0.29,0,1.66,0.22,NO BUY,244.1,245.32,245.42,0.54,0.5,false negative,245.74,0.67,false negative
90,2022-06-14,NVDA,0.85,0.58,0.7,0.5,0.45,0.29,3,5.92,0.772,BUY,159.07,159.87,160.39,0.83,0.5,true positive,160.66,1.0,true positive
91,2022-06-14,META,0.95,0.58,0.7,0.5,0.4,0.29,3,5.92,0.772,BUY,164.27,165.09,166.43,1.31,0.5,true positive,166.63,1.44,true positive
92,2022-06-15,AAPL,0.0,0.6,0.0,0.48,0.0,0.3,0,0.0,-inf,NO BUY,134.43,135.1,137.13,2.01,0.5,false negative,137.34,2.16,false negative
93,2022-06-15,GOOG,1.0,0.6,0.45,0.48,0.2,0.3,1,3.77,0.576,BUY,2192.22,2203.18,2238.41,2.11,0.5,true positive,2241.26,2.24,true positive
94,2022-06-15,AMZN,1.0,0.6,1.0,0.48,0.8,0.3,3,7.92,0.899,BUY,106.36,106.89,108.88,2.37,0.5,true positive,109.06,2.54,true positive
95,2022-06-15,MSFT,0.95,0.6,0.5,0.48,0.15,0.3,2,4.12,0.615,BUY,249.21,250.46,255.07,2.35,0.5,true positive,255.3,2.44,true positive
96,2022-06-15,NVDA,1.0,0.6,0.75,0.48,0.45,0.3,3,6.23,0.794,BUY,162.75,163.56,168.36,3.45,0.5,true positive,168.68,3.64,true positive
97,2022-06-15,META,1.0,0.6,0.85,0.48,0.5,0.3,3,6.6,0.82,BUY,165.98,166.81,171.68,3.43,0.5,true positive,172.16,3.72,true positive
98,2022-06-16,AAPL,0.45,0.61,0.05,0.52,0.0,0.35,0,0.83,-0.081,NO BUY,130.89,131.54,131.31,0.32,0.5,true negative,131.53,0.49,true negative
99,2022-06-16,GOOG,0.3,0.61,0.1,0.52,0.0,0.35,0,0.68,-0.167,NO BUY,2146.9,2157.63,2141.22,-0.26,0.5,true negative,2148.23,0.06,true negative
100,2022-06-16,AMZN,0.45,0.61,0.1,0.52,0.0,0.35,0,0.93,-0.032,NO BUY,103.26,103.78,104.2,0.91,0.5,false negative,104.36,1.07,false negative
101,2022-06-16,MSFT,0.3,0.61,0.05,0.52,0.0,0.35,0,0.59,-0.229,NO BUY,245.35,246.58,245.85,0.2,0.5,true negative,246.29,0.38,true negative
102,2022-06-16,NVDA,0.5,0.61,0.3,0.52,0.0,0.35,0,1.4,0.146,NO BUY,155.69,156.47,156.7,0.65,0.5,false negative,156.87,0.76,false negative
103,2022-06-16,META,0.45,0.61,0.15,0.52,0.0,0.35,0,1.03,0.013,NO BUY,161.38,162.19,162.6,0.76,0.5,false negative,162.85,0.91,false negative
104,2022-06-17,AAPL,0.35,0.59,0.15,0.48,0.0,0.31,0,0.91,-0.041,NO BUY,131.35,132.01,132.86,1.15,0.5,false negative,133.08,1.32,false negative
105,2022-06-17,GOOG,0.25,0.59,0.05,0.48,0.0,0.31,0,0.53,-0.276,NO BUY,2137.25,2147.94,2182.61,2.12,0.5,false negative,2184.99,2.23,false negative
106,2022-06-17,AMZN,1.0,0.59,0.65,0.48,0.35,0.31,3,5.68,0.754,BUY,105.14,105.67,106.77,1.55,0.5,true positive,106.98,1.75,true positive
107,2022-06-17,MSFT,0.1,0.59,0.05,0.48,0.0,0.31,0,0.27,-0.569,NO BUY,246.92,248.15,250.28,1.36,0.5,false negative,250.5,1.45,false negative
108,2022-06-17,NVDA,1.0,0.59,0.75,0.48,0.4,0.31,3,6.05,0.782,BUY,156.6,157.38,159.59,1.91,0.5,true positive,159.77,2.02,true positive
109,2022-06-17,META,0.55,0.59,0.2,0.48,0.0,0.31,0,1.35,0.13,NO BUY,163.16,163.98,165.65,1.53,0.5,false negative,165.9,1.68,false negative
110,2022-06-21,AAPL,0.9,0.6,0.8,0.56,0.3,0.37,2,4.74,0.676,BUY,135.99,136.67,136.2,0.15,0.5,false positive,136.41,0.31,false positive
111,2022-06-21,GOOG,1.0,0.6,1.0,0.56,0.7,0.37,3,6.84,0.835,BUY,2241.51,2252.72,2246.96,0.24,0.5,false positive,2249.38,0.35,false positive
112,2022-06-21,AMZN,1.0,0.6,0.95,0.56,0.55,0.37,3,6.35,0.803,BUY,108.9,109.44,109.13,0.21,0.5,false positive,109.27,0.34,false positive
113,2022-06-21,MSFT,0.0,0.6,0.0,0.56,0.0,0.37,0,0.0,-inf,NO BUY,253.37,254.64,254.35,0.39,0.5,true negative,254.49,0.44,true negative
114,2022-06-21,NVDA,1.0,0.6,0.95,0.56,0.55,0.37,3,6.35,0.803,BUY,167.46,168.3,169.11,0.99,0.5,true positive,169.23,1.06,true positive
115,2022-06-21,META,0.45,0.6,0.35,0.56,0.2,0.37,0,1.92,0.283,NO BUY,162.49,163.3,162.0,-0.3,0.5,true negative,162.71,0.14,true negative
116,2022-06-22,AAPL,0.85,0.58,0.25,0.43,0.0,0.3,1,2.55,0.407,NO BUY,135.47,136.15,136.92,1.07,0.5,false negative,136.97,1.11,false negative
117,2022-06-22,GOOG,0.6,0.58,0.15,0.43,0.0,0.3,1,1.88,0.274,NO BUY,2249.98,2261.23,2273.79,1.06,0.5,false negative,2275.39,1.13,false negative
118,2022-06-22,AMZN,1.0,0.58,0.85,0.43,0.55,0.3,3,7.03,0.847,BUY,109.11,109.66,110.73,1.48,0.5,true positive,110.89,1.63,true positive
119,2022-06-22,MSFT,0.95,0.58,0.3,0.43,0.0,0.3,1,2.84,0.453,NO BUY,254.09,255.36,256.3,0.87,0.5,false negative,256.48,0.94,false negative
120,2022-06-22,NVDA,0.9,0.58,0.35,0.43,0.05,0.3,1,3.03,0.481,NO BUY,163.32,164.14,166.51,1.95,0.5,false negative,166.62,2.02,false negative
121,2022-06-22,META,0.8,0.58,0.25,0.43,0.0,0.3,1,2.46,0.391,NO BUY,157.91,158.7,159.72,1.15,0.5,false negative,159.86,1.23,false negative
122,2022-06-23,AAPL,0.85,0.57,0.3,0.45,0.0,0.27,1,2.66,0.425,NO BUY,137.1,137.79,138.4,0.95,0.5,false negative,138.59,1.09,false negative
123,2022-06-23,GOOG,0.05,0.57,0.0,0.45,0.0,0.27,0,0.09,-1.046,NO BUY,2247.33,2258.57,2254.94,0.34,0.5,true negative,2262.05,0.65,false negative
124,2022-06-23,AMZN,1.0,0.57,0.85,0.45,0.4,0.27,3,6.62,0.821,BUY,110.59,111.14,112.82,2.02,0.5,true positive,113.0,2.18,true positive
125,2022-06-23,MSFT,0.35,0.57,0.15,0.45,0.0,0.27,0,0.95,-0.022,NO BUY,256.46,257.74,259.18,1.06,0.5,false negative,259.37,1.13,false negative
126,2022-06-23,NVDA,1.0,0.57,0.9,0.45,0.5,0.27,3,7.11,0.852,BUY,161.65,162.46,162.58,0.58,0.5,true positive,163.05,0.87,true positive
127,2022-06-23,META,1.0,0.57,0.9,0.45,0.45,0.27,3,6.92,0.84,BUY,158.23,159.02,159.22,0.63,0.5,true positive,159.75,0.96,true positive
128,2022-06-24,AAPL,0.0,0.52,0.0,0.45,0.0,0.31,0,0.0,-inf,NO BUY,140.24,140.94,141.78,1.1,0.5,false negative,141.91,1.19,false negative
129,2022-06-24,GOOG,0.95,0.52,0.9,0.45,0.5,0.31,3,6.94,0.841,BUY,2343.75,2355.47,2371.69,1.19,0.5,true positive,2372.75,1.24,true positive
130,2022-06-24,AMZN,0.3,0.52,0.0,0.45,0.0,0.31,0,0.58,-0.237,NO BUY,114.73,115.3,116.69,1.71,0.5,false negative,116.71,1.73,false negative
131,2022-06-24,MSFT,0.0,0.52,0.0,0.45,0.0,0.31,0,0.0,-inf,NO BUY,264.34,265.66,267.98,1.38,0.5,false negative,267.98,1.38,false negative
132,2022-06-24,NVDA,0.8,0.52,0.7,0.45,0.25,0.31,2,4.9,0.69,BUY,168.39,169.23,171.38,1.78,0.5,true positive,171.4,1.79,true positive
133,2022-06-24,META,0.9,0.52,0.75,0.45,0.35,0.31,3,6.03,0.78,BUY,168.11,168.95,170.19,1.24,0.5,true positive,170.25,1.27,true positive
134,2022-06-27,AAPL,1.0,0.58,0.95,0.53,0.5,0.36,3,6.41,0.807,BUY,143.05,143.77,142.82,-0.16,0.5,false positive,143.07,0.01,false positive
135,2022-06-27,GOOG,0.05,0.58,0.0,0.53,0.0,0.36,0,0.09,-1.046,NO BUY,2354.67,2366.44,2347.74,-0.29,0.5,true negative,2355.69,0.04,true negative
136,2022-06-27,AMZN,1.0,0.58,1.0,0.53,0.9,0.36,3,7.61,0.881,BUY,114.56,115.13,114.42,-0.12,0.5,false positive,114.77,0.18,false positive
137,2022-06-27,MSFT,0.85,0.58,0.6,0.53,0.2,0.36,2,4.15,0.618,BUY,265.99,267.32,265.78,-0.08,0.5,false positive,266.12,0.05,false positive
138,2022-06-27,NVDA,0.95,0.58,0.95,0.53,0.75,0.36,3,7.01,0.846,BUY,170.24,171.09,170.28,0.02,0.5,false positive,170.43,0.11,false positive
139,2022-06-27,META,0.75,0.58,0.6,0.53,0.3,0.36,2,4.26,0.629,BUY,169.89,170.74,170.95,0.62,0.5,true positive,171.14,0.74,true positive
140,2022-06-28,AAPL,0.35,0.59,0.3,0.56,0.1,0.34,0,1.42,0.152,NO BUY,139.06,139.76,139.31,0.18,0.5,true negative,139.43,0.27,true negative
141,2022-06-28,GOOG,0.6,0.59,0.4,0.56,0.15,0.34,1,2.67,0.427,NO BUY,2274.11,2285.48,2272.2,-0.08,0.5,true negative,2275.8,0.07,true negative
142,2022-06-28,AMZN,0.8,0.59,0.75,0.56,0.4,0.34,3,5.37,0.73,BUY,108.38,108.92,109.14,0.7,0.5,true positive,109.22,0.78,true positive
143,2022-06-28,MSFT,0.55,0.59,0.4,0.56,0.15,0.34,0,2.09,0.32,NO BUY,259.28,260.58,259.12,-0.06,0.5,true negative,259.5,0.08,true negative
144,2022-06-28,NVDA,0.9,0.59,0.85,0.56,0.4,0.34,3,5.72,0.757,BUY,161.24,162.05,162.18,0.58,0.5,true positive,162.33,0.68,true positive
145,2022-06-28,META,0.4,0.59,0.5,0.56,0.25,0.34,0,2.31,0.364,NO BUY,164.65,165.47,164.69,0.02,0.5,true negative,165.05,0.24,true negative
146,2022-06-29,AAPL,0.6,0.58,0.5,0.53,0.2,0.41,1,2.97,0.473,NO BUY,139.99,140.69,140.03,0.03,0.5,true negative,140.18,0.14,true negative
147,2022-06-29,GOOG,0.55,0.58,0.15,0.53,0.0,0.41,0,1.23,0.09,NO BUY,2254.45,2265.72,2251.86,-0.11,0.5,true negative,2254.45,0.0,true negative
148,2022-06-29,AMZN,0.8,0.58,0.75,0.53,0.35,0.41,2,4.65,0.667,BUY,109.62,110.17,109.64,0.02,0.5,false positive,109.74,0.11,false positive
149,2022-06-29,MSFT,0.5,0.58,0.3,0.53,0.05,0.41,0,1.55,0.19,NO BUY,260.32,261.62,261.55,0.47,0.5,true negative,261.61,0.5,true negative
150,2022-06-29,NVDA,1.0,0.58,1.0,0.53,1.0,0.41,3,7.55,0.878,BUY,154.94,155.71,155.47,0.34,0.5,false positive,155.56,0.4,false positive
151,2022-06-29,META,1.0,0.58,0.95,0.53,0.7,0.41,3,6.72,0.827,BUY,164.01,164.83,164.44,0.26,0.5,false positive,164.46,0.27,false positive
152,2022-06-30,AAPL,1.0,0.57,0.8,0.44,0.6,0.29,3,7.14,0.854,BUY,137.38,138.07,138.07,0.5,0.5,true positive,138.37,0.72,true positive
153,2022-06-30,GOOG,1.0,0.57,1.0,0.44,0.7,0.29,3,7.94,0.9,BUY,2208.14,2219.18,2218.04,0.45,0.5,false positive,2224.22,0.73,true positive
154,2022-06-30,AMZN,1.0,0.57,1.0,0.44,1.0,0.29,3,8.98,0.953,BUY,106.7,107.23,107.58,0.82,0.5,true positive,107.65,0.89,true positive
155,2022-06-30,MSFT,1.0,0.57,0.85,0.44,0.6,0.29,3,7.26,0.861,BUY,258.5,259.79,259.09,0.23,0.5,false positive,259.53,0.4,false positive
156,2022-06-30,NVDA,1.0,0.57,1.0,0.44,0.9,0.29,3,8.63,0.936,BUY,154.24,155.01,155.42,0.77,0.5,true positive,155.67,0.93,true positive
157,2022-06-30,META,1.0,0.57,0.8,0.44,0.6,0.29,3,7.14,0.854,BUY,164.06,164.88,165.04,0.6,0.5,true positive,165.23,0.71,true positive
158,2022-07-01,AAPL,0.85,0.59,0.7,0.55,0.1,0.31,2,4.04,0.606,BUY,136.35,137.03,138.94,1.9,0.5,true positive,139.04,1.97,true positive
159,2022-07-01,GOOG,0.8,0.59,0.65,0.55,0.05,0.31,2,3.7,0.568,BUY,2158.51,2169.3,2181.62,1.07,0.5,true positive,2182.45,1.11,true positive
160,2022-07-01,AMZN,0.85,0.59,0.75,0.55,0.05,0.31,2,3.97,0.599,BUY,107.84,108.38,109.67,1.7,0.5,true positive,109.75,1.77,true positive
161,2022-07-01,MSFT,0.4,0.59,0.15,0.55,0.0,0.31,0,0.95,-0.022,NO BUY,256.02,257.3,259.58,1.39,0.5,false negative,259.77,1.46,false negative
162,2022-07-01,NVDA,0.9,0.59,0.8,0.55,0.1,0.31,2,4.3,0.633,BUY,145.64,146.37,146.44,0.55,0.5,true positive,146.5,0.59,true positive
163,2022-07-01,META,0.95,0.59,0.9,0.55,0.55,0.31,3,6.52,0.814,BUY,156.54,157.32,160.05,2.24,0.5,true positive,160.11,2.28,true positive
164,2022-07-05,AAPL,1.0,0.61,0.8,0.54,0.25,0.34,2,4.86,0.687,BUY,139.33,140.03,141.61,1.64,0.5,true positive,141.61,1.64,true positive
165,2022-07-05,GOOG,1.0,0.61,1.0,0.54,1.0,0.34,3,7.93,0.899,BUY,2206.16,2217.19,2280.17,3.35,0.5,true positive,2281.05,3.39,true positive
166,2022-07-05,AMZN,1.0,0.61,1.0,0.54,1.0,0.34,3,7.93,0.899,BUY,111.5,112.06,114.06,2.3,0.5,true positive,114.08,2.31,true positive
167,2022-07-05,MSFT,1.0,0.61,0.75,0.54,0.1,0.34,2,4.32,0.635,BUY,257.38,258.67,262.97,2.17,0.5,true positive,262.98,2.18,true positive
168,2022-07-05,NVDA,1.0,0.61,1.0,0.54,1.0,0.34,3,7.93,0.899,BUY,145.96,146.69,149.67,2.54,0.5,true positive,149.71,2.57,true positive
169,2022-07-05,META,1.0,0.61,1.0,0.54,1.0,0.34,3,7.93,0.899,BUY,163.38,164.2,168.25,2.98,0.5,true positive,168.25,2.98,true positive
170,2022-07-06,AAPL,1.0,0.58,1.0,0.52,0.6,0.29,3,7.22,0.859,BUY,141.71,142.42,143.95,1.58,0.5,true positive,144.12,1.7,true positive
171,2022-07-06,GOOG,0.9,0.58,0.7,0.52,0.25,0.29,2,4.76,0.678,BUY,2276.87,2288.25,2326.99,2.2,0.5,true positive,2327.04,2.2,true positive
172,2022-07-06,AMZN,1.0,0.58,1.0,0.52,0.5,0.29,3,6.87,0.837,BUY,113.0,113.56,115.36,2.09,0.5,true positive,115.48,2.19,true positive
173,2022-07-06,MSFT,1.0,0.58,1.0,0.52,0.35,0.29,3,6.35,0.803,BUY,264.18,265.5,267.88,1.4,0.5,true positive,267.99,1.44,true positive
174,2022-07-06,NVDA,0.7,0.58,0.6,0.52,0.15,0.29,2,3.88,0.589,BUY,149.91,150.66,153.16,2.17,0.5,true positive,153.19,2.19,true positive
175,2022-07-06,META,0.9,0.58,0.65,0.52,0.2,0.29,2,4.49,0.652,BUY,167.02,167.86,171.45,2.65,0.5,true positive,171.59,2.74,true positive
176,2022-07-07,AAPL,0.7,0.6,0.35,0.57,0.15,0.47,1,2.6,0.415,NO BUY,145.54,146.27,146.43,0.61,0.5,false negative,146.55,0.69,false negative
177,2022-07-07,GOOG,1.0,0.6,1.0,0.57,0.85,0.47,3,6.73,0.828,BUY,2365.23,2377.06,2396.14,1.31,0.5,true positive,2397.24,1.35,true positive
178,2022-07-07,AMZN,1.0,0.6,0.95,0.57,0.75,0.47,3,6.43,0.808,BUY,116.22,116.8,116.91,0.59,0.5,true positive,116.99,0.66,true positive
179,2022-07-07,MSFT,0.2,0.6,0.1,0.57,0.0,0.47,0,0.51,-0.292,NO BUY,268.01,269.35,268.85,0.31,0.5,true negative,268.98,0.36,true negative
180,2022-07-07,NVDA,1.0,0.6,1.0,0.57,0.85,0.47,3,6.73,0.828,BUY,157.51,158.3,159.38,1.19,0.5,true positive,159.45,1.23,true positive
181,2022-07-07,META,1.0,0.6,0.95,0.57,0.7,0.47,3,6.32,0.801,BUY,171.03,171.89,172.54,0.88,0.5,true positive,172.72,0.99,true positive
182,2022-07-08,AAPL,1.0,0.61,1.0,0.59,0.65,0.42,3,6.38,0.805,BUY,147.25,147.99,147.52,0.18,0.5,false positive,147.55,0.2,false positive
183,2022-07-08,GOOG,1.0,0.61,1.0,0.59,0.9,0.42,3,6.98,0.844,BUY,2404.57,2416.59,2404.84,0.01,0.5,false positive,2406.51,0.08,false positive
184,2022-07-08,AMZN,1.0,0.61,1.0,0.59,0.7,0.42,3,6.5,0.813,BUY,116.27,116.85,116.12,-0.13,0.5,false positive,116.27,0.0,false positive
185,2022-07-08,MSFT,1.0,0.61,1.0,0.59,0.7,0.42,3,6.5,0.813,BUY,268.0,269.34,267.92,-0.03,0.5,false positive,268.1,0.04,false positive
186,2022-07-08,NVDA,1.0,0.61,1.0,0.59,0.95,0.42,3,7.1,0.851,BUY,158.83,159.62,159.1,0.17,0.5,false positive,159.29,0.29,false positive
187,2022-07-08,META,1.0,0.61,1.0,0.59,0.55,0.42,3,6.14,0.788,BUY,171.84,172.7,171.72,-0.07,0.5,false positive,171.92,0.05,false positive
188,2022-07-11,AAPL,0.85,0.61,0.65,0.57,0.2,0.38,2,4.06,0.609,BUY,145.15,145.88,146.55,0.96,0.5,true positive,146.64,1.03,true positive
189,2022-07-11,GOOG,1.0,0.61,0.95,0.57,0.45,0.38,3,5.99,0.777,BUY,2352.62,2364.38,2352.11,-0.02,0.5,false positive,2353.71,0.05,false positive
190,2022-07-11,AMZN,1.0,0.61,1.0,0.57,1.0,0.38,3,7.53,0.877,BUY,112.78,113.34,113.32,0.48,0.5,false positive,113.39,0.54,true positive
191,2022-07-11,MSFT,1.0,0.61,1.0,0.57,0.8,0.38,3,7.0,0.845,BUY,264.72,266.04,266.3,0.6,0.5,true positive,266.53,0.68,true positive
192,2022-07-11,NVDA,1.0,0.61,1.0,0.57,0.9,0.38,3,7.26,0.861,BUY,151.83,152.59,153.56,1.14,0.5,true positive,153.71,1.24,true positive
193,2022-07-11,META,1.0,0.61,1.0,0.57,0.95,0.38,3,7.39,0.869,BUY,163.66,164.48,165.07,0.86,0.5,true positive,165.17,0.92,true positive
194,2022-07-12,AAPL,1.0,0.62,1.0,0.59,0.3,0.31,2,5.28,0.723,BUY,147.8,148.54,148.24,0.3,0.5,false positive,148.45,0.44,false positive
195,2022-07-12,GOOG,1.0,0.62,0.95,0.59,0.25,0.31,2,5.03,0.702,BUY,2326.96,2338.59,2336.0,0.39,0.5,false positive,2338.03,0.48,false positive
196,2022-07-12,AMZN,1.0,0.62,1.0,0.59,0.85,0.31,3,7.55,0.878,BUY,110.51,111.06,110.81,0.27,0.5,false positive,110.93,0.38,false positive
197,2022-07-12,MSFT,1.0,0.62,1.0,0.59,0.55,0.31,3,6.58,0.818,BUY,257.01,258.3,257.8,0.31,0.5,false positive,258.28,0.49,false positive
198,2022-07-12,NVDA,1.0,0.62,1.0,0.59,0.6,0.31,3,6.74,0.829,BUY,153.13,153.9,152.99,-0.09,0.5,false positive,153.55,0.27,false positive
199,2022-07-12,META,1.0,0.62,1.0,0.59,0.4,0.31,3,6.1,0.785,BUY,163.95,164.77,165.69,1.06,0.5,true positive,165.8,1.13,true positive
200,2022-07-13,AAPL,0.95,0.62,0.9,0.59,0.35,0.41,2,4.91,0.691,BUY,145.22,145.95,146.4,0.81,0.5,true positive,146.45,0.85,true positive
201,2022-07-13,GOOG,1.0,0.62,1.0,0.59,0.7,0.41,3,6.52,0.814,BUY,2273.2,2284.57,2273.53,0.01,0.5,false positive,2275.18,0.09,false positive
202,2022-07-13,AMZN,1.0,0.62,1.0,0.59,0.6,0.41,3,6.27,0.797,BUY,110.72,111.27,111.61,0.8,0.5,true positive,111.78,0.96,true positive
203,2022-07-13,MSFT,1.0,0.62,1.0,0.59,0.6,0.41,3,6.27,0.797,BUY,250.56,251.81,253.34,1.11,0.5,true positive,253.55,1.19,true positive
204,2022-07-13,NVDA,1.0,0.62,1.0,0.59,0.7,0.41,3,6.52,0.814,BUY,151.63,152.39,153.28,1.09,0.5,true positive,153.45,1.2,true positive
205,2022-07-13,META,0.95,0.62,0.85,0.59,0.35,0.41,2,4.83,0.684,BUY,163.77,164.59,164.87,0.67,0.5,true positive,164.98,0.74,true positive
206,2022-07-14,AAPL,1.0,0.6,1.0,0.57,1.0,0.51,3,6.88,0.838,BUY,147.15,147.89,148.86,1.16,0.5,true positive,148.95,1.22,true positive
207,2022-07-14,GOOG,0.95,0.6,0.9,0.57,0.75,0.51,3,6.13,0.787,BUY,2227.37,2238.51,2238.72,0.51,0.5,true positive,2239.75,0.56,true positive
208,2022-07-14,AMZN,1.0,0.6,1.0,0.57,0.95,0.51,3,6.78,0.831,BUY,109.4,109.95,110.67,1.16,0.5,true positive,110.88,1.35,true positive
209,2022-07-14,MSFT,0.9,0.6,0.9,0.57,0.75,0.51,3,6.05,0.782,BUY,251.55,252.81,254.98,1.36,0.5,true positive,255.14,1.43,true positive
210,2022-07-14,NVDA,0.8,0.6,0.7,0.57,0.5,0.51,2,4.54,0.657,BUY,150.84,151.59,154.55,2.46,0.5,true positive,154.73,2.58,true positive
211,2022-07-14,META,1.0,0.6,1.0,0.57,0.95,0.51,3,6.78,0.831,BUY,158.62,159.41,159.02,0.25,0.5,false positive,159.11,0.31,false positive
212,2022-07-15,AAPL,0.0,0.63,0.0,0.58,0.0,0.41,0,0.0,-inf,NO BUY,148.79,149.53,150.25,0.98,0.5,false negative,150.25,0.98,false negative
213,2022-07-15,GOOG,1.0,0.63,0.75,0.58,0.25,0.41,2,4.49,0.652,BUY,2257.8,2269.09,2260.0,0.1,0.5,false positive,2260.03,0.1,false positive
214,2022-07-15,AMZN,0.95,0.63,0.8,0.58,0.4,0.41,2,4.86,0.687,BUY,114.51,115.08,115.49,0.86,0.5,true positive,115.59,0.94,true positive
215,2022-07-15,MSFT,0.55,0.63,0.3,0.58,0.05,0.41,0,1.51,0.179,NO BUY,257.22,258.51,257.24,0.01,0.5,true negative,257.38,0.06,true negative
216,2022-07-15,NVDA,0.65,0.63,0.55,0.58,0.25,0.41,1,3.09,0.49,NO BUY,155.65,156.43,157.63,1.27,0.5,false negative,157.82,1.39,false negative
217,2022-07-15,META,1.0,0.63,0.95,0.58,0.5,0.41,3,5.94,0.774,BUY,163.6,164.42,164.88,0.78,0.5,true positive,164.98,0.84,true positive
218,2022-07-18,AAPL,0.9,0.61,0.65,0.57,0.2,0.36,2,4.17,0.62,BUY,151.41,152.17,151.24,-0.11,0.5,false positive,151.41,0.0,false positive
219,2022-07-18,GOOG,1.0,0.61,0.75,0.57,0.2,0.36,2,4.51,0.654,BUY,112.9,113.46,112.92,0.02,0.5,false positive,113.12,0.19,false positive
220,2022-07-18,AMZN,1.0,0.61,0.95,0.57,0.4,0.36,3,5.92,0.772,BUY,116.89,117.47,117.11,0.19,0.5,false positive,117.24,0.3,false positive
221,2022-07-18,MSFT,0.95,0.61,0.6,0.57,0.1,0.36,2,3.89,0.59,BUY,258.81,260.1,259.04,0.09,0.5,false positive,259.3,0.19,false positive
222,2022-07-18,NVDA,1.0,0.61,1.0,0.57,0.65,0.36,3,6.7,0.826,BUY,168.2,169.04,168.68,0.29,0.5,false positive,168.97,0.46,false positive
223,2022-07-18,META,1.0,0.61,1.0,0.57,0.75,0.36,3,6.98,0.844,BUY,170.64,171.49,171.51,0.51,0.5,true positive,171.68,0.61,true positive
224,2022-07-19,AAPL,0.95,0.64,0.7,0.57,0.0,0.31,2,3.71,0.569,BUY,149.8,150.55,151.0,0.8,0.5,true positive,151.23,0.95,true positive
225,2022-07-19,GOOG,1.0,0.64,0.95,0.57,0.5,0.31,3,6.34,0.802,BUY,113.34,113.91,114.62,1.13,0.5,true positive,114.81,1.3,true positive
226,2022-07-19,AMZN,1.0,0.64,0.95,0.57,0.5,0.31,3,6.34,0.802,BUY,116.6,117.18,118.71,1.81,0.5,true positive,118.95,2.02,true positive
227,2022-07-19,MSFT,0.65,0.64,0.25,0.57,0.0,0.31,1,1.95,0.29,NO BUY,257.52,258.81,259.53,0.78,0.5,false negative,259.72,0.85,false negative
228,2022-07-19,NVDA,1.0,0.64,0.95,0.57,0.5,0.31,3,6.34,0.802,BUY,166.92,167.75,170.96,2.42,0.5,true positive,171.1,2.5,true positive
229,2022-07-19,META,1.0,0.64,0.95,0.57,0.45,0.31,3,6.18,0.791,BUY,174.69,175.56,176.41,0.98,0.5,true positive,176.49,1.03,true positive
230,2022-07-20,AAPL,1.0,0.67,1.0,0.58,0.25,0.28,2,5.11,0.708,BUY,153.18,153.95,153.62,0.29,0.5,false positive,153.72,0.35,false positive
231,2022-07-20,GOOG,1.0,0.67,0.95,0.58,0.1,0.28,2,4.49,0.652,BUY,115.97,116.55,116.2,0.2,0.5,false positive,116.27,0.26,false positive
232,2022-07-20,AMZN,1.0,0.67,1.0,0.58,0.8,0.28,3,7.57,0.879,BUY,122.76,123.37,123.38,0.51,0.5,true positive,123.47,0.58,true positive
233,2022-07-20,MSFT,1.0,0.67,1.0,0.58,0.25,0.28,2,5.11,0.708,BUY,263.77,265.09,264.78,0.38,0.5,false positive,264.87,0.42,false positive
234,2022-07-20,NVDA,1.0,0.67,1.0,0.58,0.9,0.28,3,7.93,0.899,BUY,177.6,178.49,179.21,0.91,0.5,true positive,179.32,0.97,true positive
235,2022-07-20,META,1.0,0.67,0.9,0.58,0.25,0.28,2,4.94,0.694,BUY,181.74,182.65,183.39,0.91,0.5,true positive,183.6,1.02,true positive
236,2022-07-21,AAPL,0.85,0.63,0.7,0.59,0.0,0.3,2,3.54,0.549,BUY,153.97,154.74,155.56,1.03,0.5,true positive,155.57,1.04,true positive
237,2022-07-21,GOOG,1.0,0.63,1.0,0.59,0.5,0.3,3,6.45,0.81,BUY,113.79,114.36,115.17,1.21,0.5,true positive,115.21,1.25,true positive
238,2022-07-21,AMZN,0.85,0.63,0.6,0.59,0.1,0.3,2,3.7,0.568,BUY,122.85,123.46,124.82,1.6,0.5,true positive,124.85,1.63,true positive
239,2022-07-21,MSFT,0.65,0.63,0.35,0.59,0.0,0.3,1,2.12,0.326,NO BUY,261.36,262.67,264.87,1.34,0.5,false negative,264.89,1.35,false negative
240,2022-07-21,NVDA,0.75,0.63,0.55,0.59,0.0,0.3,1,2.62,0.418,NO BUY,179.7,180.6,181.08,0.77,0.5,false negative,181.44,0.97,false negative
241,2022-07-21,META,0.8,0.63,0.6,0.59,0.1,0.3,2,3.62,0.559,BUY,182.87,183.78,183.81,0.51,0.5,true positive,183.85,0.54,true positive
242,2022-07-22,AAPL,0.3,0.64,0.15,0.56,0.0,0.3,0,0.74,-0.131,NO BUY,154.61,155.38,154.79,0.12,0.5,true negative,154.92,0.2,true negative
243,2022-07-22,GOOG,1.0,0.64,1.0,0.56,0.6,0.3,3,6.85,0.836,BUY,108.95,109.49,109.04,0.08,0.5,false positive,109.12,0.16,false positive
244,2022-07-22,AMZN,0.8,0.64,0.55,0.56,0.05,0.3,1,2.9,0.462,NO BUY,122.64,123.25,122.55,-0.07,0.5,true negative,122.81,0.14,true negative
245,2022-07-22,MSFT,0.35,0.64,0.15,0.56,0.0,0.3,0,0.81,-0.092,NO BUY,260.81,262.11,260.86,0.02,0.5,true negative,261.13,0.12,true negative
246,2022-07-22,NVDA,1.0,0.64,1.0,0.56,0.7,0.3,3,7.18,0.856,BUY,173.72,174.59,173.9,0.1,0.5,false positive,174.23,0.29,false positive
247,2022-07-22,META,1.0,0.64,0.85,0.56,0.4,0.3,3,5.91,0.772,BUY,169.92,170.77,169.84,-0.05,0.5,false positive,170.14,0.13,false positive
248,2022-07-25,AAPL,0.55,0.62,0.25,0.56,0.05,0.36,0,1.47,0.167,NO BUY,153.65,154.42,153.99,0.22,0.5,true negative,154.08,0.28,true negative
249,2022-07-25,GOOG,0.3,0.62,0.05,0.56,0.0,0.36,0,0.57,-0.244,NO BUY,107.94,108.48,108.8,0.8,0.5,false negative,108.8,0.8,false negative
250,2022-07-25,AMZN,0.0,0.62,0.0,0.56,0.0,0.36,0,0.0,-inf,NO BUY,121.49,122.1,121.96,0.39,0.5,true negative,122.0,0.42,true negative
251,2022-07-25,MSFT,1.0,0.62,1.0,0.56,0.55,0.36,3,6.43,0.808,BUY,259.19,260.49,259.58,0.15,0.5,false positive,259.69,0.19,false positive
252,2022-07-25,NVDA,0.8,0.62,0.7,0.56,0.25,0.36,2,4.23,0.626,BUY,168.61,169.45,170.3,1.0,0.5,true positive,170.39,1.06,true positive
253,2022-07-25,META,0.3,0.62,0.15,0.56,0.05,0.36,0,0.89,-0.051,NO BUY,166.62,167.45,167.17,0.33,0.5,true negative,167.24,0.37,true negative
254,2022-07-26,AAPL,0.0,0.59,0.0,0.55,0.0,0.26,0,0.0,-inf,NO BUY,151.0,151.76,152.25,0.83,0.5,false negative,152.49,0.99,false negative
255,2022-07-26,GOOG,0.6,0.59,0.45,0.55,0.05,0.26,1,2.53,0.403,NO BUY,105.79,106.32,105.84,0.05,0.5,true negative,105.89,0.09,true negative
256,2022-07-26,AMZN,0.3,0.59,0.1,0.55,0.0,0.26,0,0.69,-0.161,NO BUY,115.86,116.44,115.96,0.09,0.5,true negative,116.09,0.2,true negative
257,2022-07-26,MSFT,0.9,0.59,0.85,0.55,0.2,0.26,2,4.84,0.685,BUY,251.02,252.28,252.03,0.4,0.5,false positive,252.34,0.53,true positive
258,2022-07-26,NVDA,0.3,0.59,0.1,0.55,0.05,0.26,0,0.88,-0.056,NO BUY,165.18,166.01,166.75,0.95,0.5,false negative,166.99,1.1,false negative
259,2022-07-26,META,0.55,0.59,0.35,0.55,0.05,0.26,0,1.76,0.246,NO BUY,161.23,162.04,161.8,0.35,0.5,true negative,161.91,0.42,true negative
260,2022-07-27,AAPL,0.2,0.6,0.15,0.52,0.0,0.27,0,0.62,-0.208,NO BUY,154.16,154.93,157.29,2.03,0.5,false negative,157.33,2.06,false negative
261,2022-07-27,GOOG,1.0,0.6,0.95,0.52,0.6,0.27,3,7.22,0.859,BUY,112.71,113.27,114.39,1.49,0.5,true positive,114.4,1.5,true positive
262,2022-07-27,AMZN,1.0,0.6,0.8,0.52,0.4,0.27,3,6.19,0.792,BUY,119.82,120.42,121.86,1.7,0.5,true positive,121.9,1.74,true positive
263,2022-07-27,MSFT,0.3,0.6,0.15,0.52,0.0,0.27,0,0.79,-0.102,NO BUY,264.34,265.66,269.43,1.93,0.5,false negative,270.05,2.16,false negative
264,2022-07-27,NVDA,0.9,0.6,0.55,0.52,0.0,0.27,2,3.56,0.551,BUY,173.26,174.13,179.29,3.48,0.5,true positive,179.36,3.52,true positive
265,2022-07-27,META,1.0,0.6,1.0,0.52,0.65,0.27,3,7.5,0.875,BUY,167.54,168.38,170.81,1.95,0.5,true positive,170.87,1.99,true positive
266,2022-07-28,AAPL,0.95,0.59,0.8,0.53,0.25,0.3,2,4.95,0.695,BUY,156.9,157.68,157.51,0.39,0.5,false positive,157.64,0.47,false positive
267,2022-07-28,GOOG,0.6,0.59,0.55,0.53,0.05,0.3,2,3.22,0.508,BUY,113.75,114.32,114.59,0.74,0.5,true positive,114.7,0.84,true positive
268,2022-07-28,AMZN,0.95,0.59,0.9,0.53,0.5,0.3,3,6.47,0.811,BUY,120.99,121.59,122.6,1.33,0.5,true positive,122.84,1.53,true positive
269,2022-07-28,MSFT,0.95,0.59,0.85,0.53,0.25,0.3,2,5.05,0.703,BUY,274.16,275.53,277.52,1.23,0.5,true positive,277.84,1.34,true positive
270,2022-07-28,NVDA,0.9,0.59,0.85,0.53,0.35,0.3,3,5.8,0.763,BUY,178.86,179.75,180.79,1.08,0.5,true positive,180.84,1.11,true positive
271,2022-07-28,META,1.0,0.59,1.0,0.53,0.8,0.3,3,7.75,0.889,BUY,160.69,161.49,160.73,0.02,0.5,false positive,161.08,0.24,false positive
272,2022-07-29,AAPL,0.4,0.6,0.4,0.57,0.05,0.22,0,1.6,0.204,NO BUY,162.14,162.95,163.07,0.57,0.5,false negative,163.18,0.64,false negative
273,2022-07-29,GOOG,0.85,0.6,0.75,0.57,0.05,0.22,2,3.96,0.598,BUY,114.91,115.48,116.78,1.63,0.5,true positive,116.9,1.73,true positive
274,2022-07-29,AMZN,0.35,0.6,0.4,0.57,0.05,0.22,0,1.51,0.179,NO BUY,136.47,137.15,137.12,0.48,0.5,true negative,137.2,0.53,false negative
275,2022-07-29,MSFT,0.75,0.6,0.65,0.57,0.05,0.22,2,3.62,0.559,BUY,279.33,280.73,281.66,0.83,0.5,true positive,282.0,0.96,true positive
276,2022-07-29,NVDA,0.2,0.6,0.15,0.57,0.0,0.22,0,0.6,-0.222,NO BUY,178.68,179.57,182.28,2.01,0.5,false negative,182.44,2.1,false negative
277,2022-07-29,META,0.75,0.6,0.85,0.57,0.05,0.22,2,3.97,0.599,BUY,155.55,156.33,160.06,2.9,0.5,true positive,160.14,2.95,true positive
278,2022-08-01,AAPL,0.2,0.61,0.1,0.55,0.0,0.21,0,0.51,-0.292,NO BUY,163.19,164.01,162.88,-0.19,0.5,true negative,163.24,0.03,true negative
279,2022-08-01,GOOG,0.3,0.61,0.2,0.55,0.0,0.21,0,0.86,-0.066,NO BUY,116.63,117.21,116.47,-0.14,0.5,true negative,116.7,0.06,true negative
280,2022-08-01,AMZN,0.85,0.61,0.8,0.55,0.15,0.21,2,4.56,0.659,BUY,138.35,139.04,138.14,-0.15,0.5,false positive,138.48,0.09,false positive
281,2022-08-01,MSFT,0.45,0.61,0.35,0.55,0.0,0.21,0,1.37,0.137,NO BUY,280.35,281.75,279.94,-0.15,0.5,true negative,280.48,0.05,true negative
282,2022-08-01,NVDA,1.0,0.61,0.95,0.55,0.25,0.21,3,6.06,0.782,BUY,186.4,187.33,186.21,-0.1,0.5,false positive,186.67,0.14,false positive
283,2022-08-01,META,1.0,0.61,1.0,0.55,1.0,0.21,3,9.72,0.988,BUY,164.7,165.52,163.77,-0.56,0.5,false positive,164.79,0.05,false positive
284,2022-08-02,AAPL,1.0,0.57,0.85,0.52,0.35,0.29,3,6.1,0.785,BUY,161.17,161.98,162.33,0.72,0.5,true positive,162.41,0.77,true positive
285,2022-08-02,GOOG,0.95,0.57,0.75,0.52,0.15,0.29,2,4.63,0.666,BUY,116.0,116.58,117.05,0.91,0.5,true positive,117.08,0.93,true positive
286,2022-08-02,AMZN,0.95,0.57,0.85,0.52,0.35,0.29,3,6.01,0.779,BUY,136.39,137.07,137.3,0.67,0.5,true positive,137.44,0.77,true positive
287,2022-08-02,MSFT,1.0,0.57,0.85,0.52,0.15,0.29,2,4.91,0.691,BUY,274.84,276.21,277.73,1.05,0.5,true positive,277.89,1.11,true positive
288,2022-08-02,NVDA,0.95,0.57,0.85,0.52,0.25,0.29,2,5.16,0.713,BUY,185.43,186.36,189.12,1.99,0.5,true positive,189.38,2.13,true positive
289,2022-08-02,META,1.0,0.57,0.85,0.52,0.1,0.29,2,4.73,0.675,BUY,160.72,161.52,162.22,0.93,0.5,true positive,162.24,0.95,true positive
290,2022-08-03,AAPL,1.0,0.58,1.0,0.57,0.6,0.37,3,6.6,0.82,BUY,165.08,165.91,166.47,0.84,0.5,true positive,166.59,0.91,true positive
291,2022-08-03,GOOG,1.0,0.58,1.0,0.57,0.45,0.37,3,6.19,0.792,BUY,119.14,119.74,119.22,0.07,0.5,false positive,119.33,0.16,false positive
292,2022-08-03,AMZN,1.0,0.58,1.0,0.57,0.6,0.37,3,6.6,0.82,BUY,139.47,140.17,140.37,0.65,0.5,true positive,140.49,0.73,true positive
293,2022-08-03,MSFT,1.0,0.58,1.0,0.57,0.55,0.37,3,6.47,0.811,BUY,281.28,282.69,283.26,0.7,0.5,true positive,283.5,0.79,true positive
294,2022-08-03,NVDA,1.0,0.58,1.0,0.57,0.6,0.37,3,6.6,0.82,BUY,185.85,186.78,189.48,1.95,0.5,true positive,189.68,2.06,true positive
295,2022-08-03,META,1.0,0.58,1.0,0.57,0.8,0.37,3,7.14,0.854,BUY,168.58,169.42,169.29,0.42,0.5,false positive,169.54,0.57,true positive
296,2022-08-05,AAPL,0.9,0.54,0.85,0.53,0.7,0.41,3,6.48,0.812,BUY,164.18,165.0,165.35,0.71,0.5,true positive,165.45,0.77,true positive
297,2022-08-05,GOOG,1.0,0.54,1.0,0.53,0.8,0.41,3,7.19,0.857,BUY,117.5,118.09,118.55,0.89,0.5,true positive,118.7,1.02,true positive
298,2022-08-05,AMZN,1.0,0.54,1.0,0.53,0.85,0.41,3,7.31,0.864,BUY,140.31,141.01,141.55,0.88,0.5,true positive,141.61,0.93,true positive
299,2022-08-05,MSFT,0.95,0.54,0.95,0.53,0.75,0.41,3,6.88,0.838,BUY,280.17,281.57,282.91,0.98,0.5,true positive,283.2,1.08,true positive
300,2022-08-05,NVDA,0.95,0.54,0.95,0.53,0.85,0.41,3,7.12,0.852,BUY,187.65,188.59,190.6,1.57,0.5,true positive,190.8,1.68,true positive
301,2022-08-05,META,1.0,0.54,1.0,0.53,0.8,0.41,3,7.19,0.857,BUY,166.68,167.51,167.55,0.52,0.5,true positive,167.79,0.67,true positive
